window,sides,loss,res_mean,res_var,bound_inf,bound_sup,test
90,1,0.9392111848468703,-0.005061127462078333,0.8821645636461287,-0.17504058812754839,0.17504058812754836,TRUE
