window,sides,loss,res_mean,res_var,bound_inf,bound_sup,test
10,2,1.0877141608997987,-0.043867817864117586,1.1813678115245523,-0.2344090037685565,0.2344090037685564,TRUE
