window,sides,loss,res_mean,res_var,bound_inf,bound_sup,test
110,1,0.7118707804394108,-0.001559450967421862,0.5067982518051813,-0.10055976822662024,0.10055976822662023,TRUE
