window,sides,loss,res_mean,res_var,bound_inf,bound_sup,test
10,2,1.0823174968452227,-0.011780658209229638,1.1714662145132075,-0.23244431210478772,0.23244431210478766,TRUE
