window,sides,loss,res_mean,res_var,bound_inf,bound_sup,test
70,2,3.8829495921373662,-1.3335161572902472,13.299761180131995,-2.6389611585668886,2.6389611585668877,FALSE
