window,sides,loss,res_mean,res_var,bound_inf,bound_sup,test
90,2,1.2304588099541895,-0.052980625072079346,1.5112987395284894,-0.29987445778836147,0.29987445778836136,TRUE
