window,sides,loss,res_mean,res_var,bound_inf,bound_sup,test
120,2,0.9754893166397417,-0.0170902394106814,0.9519805717319529,-0.18889359880114706,0.18889359880114703,TRUE
