window,sides,loss,res_mean,res_var,bound_inf,bound_sup,test
30,2,1.093690225884456,-0.0695781376015882,1.1914714444554757,-0.236413783741971,0.23641378374197092,TRUE
